[
  {
    "id": "652dde81-c79f-4d87-bd75-e1b1ffaf0dd1",
    "pId": "25a23f17-cfb6-47b3-9183-d3e20a2940b3",
    "publishDate": 1626855476857,
    "filePath": "dist2021-07-21-16:19:29"
  },
  {
    "id": "4b67f910-76d2-48f9-8f30-2f2457fba8c3",
    "pId": "25a23f17-cfb6-47b3-9183-d3e20a2940b3",
    "publishDate": 1626855569734,
    "filePath": "dist2021-07-22-16:53:21"
  },
  {
    "id": "78906feb-ec14-4555-8bb8-fb0f34e95e81",
    "pId": "25a23f17-cfb6-47b3-9183-d3e20a2940b3",
    "info": "im",
    "publishDate": 1626944001619,
    "filePath": "dist2021-07-22-17:16:23"
  },
  {
    "id": "ace655c2-b224-4114-bde2-e3a3ddd5d45a",
    "pId": "25a23f17-cfb6-47b3-9183-d3e20a2940b3",
    "publishDate": 1626945383810,
    "filePath": "dist2021-07-22-17:17:43"
  },
  {
    "id": "00d14eb9-2437-49fe-94ff-bc8e4d75ea64",
    "pId": "25a23f17-cfb6-47b3-9183-d3e20a2940b3",
    "info": "立即发布",
    "publishDate": 1626945463461,
    "filePath": "dist2021-07-22-17:19:16"
  },
  {
    "id": "bf63e58b-b2f6-4451-abeb-eb935e2cbffb",
    "pId": "25a23f17-cfb6-47b3-9183-d3e20a2940b3",
    "info": "周六发布",
    "publishDate": 1626945556374,
    "filePath": "dist"
  }
]